time,summary,precipAccumulation,humidity,pressure,windSpeed,uvIndex,temperatureMax
2018-12-22 23:00:00,Partly cloudy throughout the day.,0.1,57.99999999999999,994.9,8.61,4,0.02
2018-12-23 23:00:00,Partly cloudy throughout the day.,0.2,61.0,993.5,21.38,6,0.62
2018-12-24 23:00:00,"Foggy until afternoon, starting again overnight.",1.4,69.0,979.3,31.16,4,0.98
2018-12-25 23:00:00,Foggy in the morning.,1.3,71.0,973.0,25.08,4,0.81
2018-12-26 23:00:00,Overcast throughout the day.,0.5,67.0,981.7,22.77,4,0.36
2018-12-27 23:00:00,Partly cloudy throughout the day.,0.2,59.0,989.9,16.6,6,-0.36
2018-12-28 23:00:00,Clear throughout the day.,0.1,60.0,995.8,16.52,5,-0.19
2018-12-29 23:00:00,Windy and foggy overnight.,0.0,59.0,1002.4,16.56,6,0.22
2018-12-30 23:00:00,Possible light rain (with a chance of 1–4 cm. of snow) in the morning and afternoon.,2.8,65.0,982.9,35.64,4,1.71
2018-12-31 23:00:00,Possible light rain in the afternoon.,,68.0,978.6,20.63,4,1.67
2019-01-01 23:00:00,Overcast throughout the day.,,67.0,970.9,19.12,4,1.22
2019-01-02 23:00:00,Overcast throughout the day.,0.8,60.0,979.6,20.57,4,-0.07
2019-01-03 23:00:00,Overcast throughout the day.,0.5,54.0,981.4,13.96,4,-0.97
2019-01-04 23:00:00,Partly cloudy throughout the day.,0.4,59.0,980.0,18.37,5,-0.33
2019-01-05 23:00:00,Foggy overnight.,0.3,60.0,981.5,13.75,4,-0.24
2019-01-06 23:00:00,Snow (1–2 cm.) in the morning.,1.5,68.0,980.0,10.51,4,0.47
2019-01-07 23:00:00,Overcast throughout the day.,0.2,64.0,987.4,9.75,4,0.21
2019-01-08 23:00:00,Mostly cloudy throughout the day.,0.1,66.0,992.0,14.41,4,0.04
2019-01-09 23:00:00,Partly cloudy throughout the day.,0.8,65.0,991.6,13.68,5,-0.08
2019-01-10 23:00:00,Partly cloudy throughout the day.,0.1,60.0,994.1,17.65,5,0.18
2019-01-11 23:00:00,Partly cloudy throughout the day.,0.1,54.0,999.2,10.6,6,-0.27
2019-01-12 23:00:00,Overcast throughout the day.,0.0,59.0,994.1,25.6,4,0.08
2019-01-13 23:00:00,Overcast throughout the day.,0.1,59.0,985.5,31.19,4,0.09
2019-01-14 23:00:00,Overcast throughout the day.,0.2,59.0,990.7,10.71,4,-0.09
2019-01-15 23:00:00,Snow (3–7 cm.) overnight.,2.2,65.0,989.7,23.54,4,-0.06
2019-01-16 23:00:00,Possible light rain in the morning.,2.8,69.0,962.6,25.42,4,0.75
2019-01-17 23:00:00,Windy starting in the afternoon.,0.6,68.0,961.7,37.95,3,0.61
2019-01-18 23:00:00,Dangerously windy and overcast throughout the day.,1.2,62.0,962.3,60.06,3,-0.04
2019-01-19 23:00:00,Windy and overcast throughout the day.,0.5,56.00000000000001,961.7,48.21,3,-0.7
2019-01-20 23:00:00,Windy until evening.,0.4,55.00000000000001,974.5,49.12,3,-0.71
2019-01-21 23:00:00,Partly cloudy throughout the day.,0.1,54.0,986.8,31.17,4,-0.03
2019-01-22 23:00:00,Partly cloudy throughout the day.,0.1,55.00000000000001,985.1,17.05,4,0.16
2019-01-23 23:00:00,Partly cloudy throughout the day.,0.1,61.0,987.8,24.59,4,0.02
2019-01-24 23:00:00,Snow (3–8 cm.) until evening.,4.7,61.0,976.3,31.85,3,-0.21
2019-01-25 23:00:00,Partly cloudy throughout the day.,0.5,62.0,975.6,25.39,4,0.32
2019-01-26 23:00:00,Mostly cloudy throughout the day.,0.4,59.0,988.9,31.3,4,0.22
2019-01-27 23:00:00,Windy in the evening and overnight.,0.1,56.00000000000001,994.8,26.11,5,1.17
2019-01-28 23:00:00,Possible light rain in the morning and afternoon.,,65.0,980.5,35.38,3,1.73
2019-01-29 23:00:00,Possible drizzle in the morning.,,66.0,973.4,29.41,3,1.88
2019-01-30 23:00:00,Mostly cloudy throughout the day.,,66.0,980.7,18.62,4,1.84
2019-01-31 23:00:00,Foggy in the morning.,,69.0,988.1,12.8,3,1.34
2019-02-01 23:00:00,Overcast throughout the day.,0.3,61.0,991.7,26.71,3,0.26
2019-02-02 23:00:00,Overcast throughout the day.,0.7,48.0,990.6,21.19,3,-0.68
2019-02-03 23:00:00,Windy and foggy overnight.,0.3,49.0,988.8,19.4,5,-0.82
2019-02-04 23:00:00,Snow (1–3 cm.) and windy in the morning.,3.0,67.0,973.9,39.16,3,0.89
2019-02-05 23:00:00,Overcast throughout the day.,0.4,69.0,984.6,17.0,3,0.5
2019-02-06 23:00:00,Snow (2–5 cm.) in the morning and afternoon.,3.2,68.0,975.7,19.53,4,0.31
2019-02-07 23:00:00,Overcast throughout the day.,0.9,63.0,971.7,11.25,3,0.37
2019-02-08 23:00:00,Mostly cloudy throughout the day.,0.3,67.0,981.1,16.12,4,0.95
2019-02-09 23:00:00,Clear throughout the day.,0.1,57.99999999999999,987.4,7.34,5,0.5
2019-02-10 23:00:00,Windy and foggy overnight.,0.6,53.0,992.7,11.74,5,0.32
2019-02-11 23:00:00,Possible light rain (with a chance of 1–2 cm. of snow) in the morning.,,64.0,979.4,36.24,3,1.2
2019-02-12 23:00:00,Mostly cloudy throughout the day.,0.2,47.0,979.2,17.87,3,-0.55
2019-02-13 23:00:00,Possible light snow (1–2 cm.) overnight.,0.5,51.0,982.1,14.4,3,-0.03
2019-02-14 23:00:00,Possible light rain in the morning.,1.4,69.0,973.6,25.88,3,1.62
2019-02-15 23:00:00,Mostly cloudy throughout the day.,0.2,69.0,975.5,16.17,3,1.42
2019-02-16 23:00:00,Possible light snow (1–2 cm.) in the afternoon and evening.,1.3,68.0,968.4,35.21,3,0.92
2019-02-17 23:00:00,Possible light snow (1–3 cm.) in the morning and afternoon.,1.7,68.0,965.1,36.57,3,1.24
2019-02-18 23:00:00,Possible flurries (< 2 cm.) in the afternoon.,0.9,68.0,968.3,37.31,3,1.05
2019-02-19 23:00:00,Overcast throughout the day.,0.4,67.0,984.2,25.67,3,1.11
2019-02-20 23:00:00,Overcast throughout the day.,,69.0,995.5,15.22,3,1.38
2019-02-21 23:00:00,Mostly cloudy throughout the day.,0.2,63.0,994.5,19.17,3,0.76
2019-02-22 23:00:00,Overcast throughout the day.,0.1,64.0,997.5,16.75,2,1.59
2019-02-23 23:00:00,Mostly cloudy throughout the day.,0.1,57.99999999999999,1000.0,12.97,2,0.65
2019-02-24 23:00:00,Possible flurries (< 1 cm.) in the afternoon.,0.5,52.0,994.0,18.4,2,-0.63
2019-02-25 23:00:00,Windy in the evening.,1.9,46.0,976.7,26.29,2,0.02
2019-02-26 23:00:00,Possible light rain (with a chance of < 2 cm. of snow) throughout the day.,,68.0,968.1,33.07,2,2.0
2019-02-27 23:00:00,Possible drizzle in the morning and afternoon.,,70.0,982.5,41.0,2,1.84
2019-02-28 23:00:00,Overcast throughout the day.,0.3,66.0,990.0,34.47,2,0.84
2019-03-01 23:00:00,Overcast throughout the day.,0.8,53.0,993.0,36.18,2,-0.55
2019-03-02 23:00:00,Mostly cloudy throughout the day.,0.6,48.0,997.8,36.8,2,0.2
2019-03-03 23:00:00,Possible drizzle until evening.,,63.0,1001.7,34.23,2,2.39
2019-03-04 23:00:00,Rain (with a chance of 1–2 cm. of snow) in the evening and overnight.,,66.0,997.0,29.26,2,2.27
2019-03-05 23:00:00,Rain (with a chance of < 2 cm. of snow) in the morning and afternoon.,,66.0,977.0,36.13,2,1.98
2019-03-06 23:00:00,Possible flurries in the morning and afternoon.,,65.0,977.7,35.78,2,1.06
2019-03-07 23:00:00,Windy overnight.,0.2,66.0,973.7,27.56,2,0.43
2019-03-08 23:00:00,Windy in the morning.,0.7,55.00000000000001,976.4,38.97,2,-1.37
2019-03-09 23:00:00,Overcast throughout the day.,0.5,49.0,984.8,36.45,2,-0.6
2019-03-10 23:00:00,Possible light snow (1–2 cm.) in the afternoon and evening.,1.5,62.0,979.4,23.87,2,0.05
2019-03-11 23:00:00,Overcast throughout the day.,0.6,61.0,975.7,25.55,2,-0.05
2019-03-12 23:00:00,Overcast throughout the day.,0.7,49.0,988.4,37.93,2,-0.72
2019-03-13 23:00:00,Snow (< 1 cm.) overnight.,0.3,47.0,997.7,28.46,2,-0.41
2019-03-14 23:00:00,Snow (1–2 cm.) in the morning.,2.3,63.0,983.5,27.79,2,0.87
2019-03-15 23:00:00,Foggy in the morning and afternoon.,0.5,63.0,977.8,23.91,2,0.82
2019-03-16 23:00:00,Mostly cloudy throughout the day.,0.2,57.99999999999999,991.6,24.84,2,0.79
2019-03-17 23:00:00,Mostly cloudy throughout the day.,0.3,57.99999999999999,996.8,21.57,2,0.32
2019-03-18 23:00:00,Overcast throughout the day.,0.2,53.0,1002.0,21.3,2,0.21
2019-03-19 23:00:00,Overcast throughout the day.,0.3,44.0,998.6,15.51,1,-0.92
2019-03-20 23:00:00,Overcast throughout the day.,0.4,42.0,993.4,13.03,1,-1.03
2019-03-21 23:00:00,Overcast throughout the day.,0.5,53.0,990.3,21.58,1,-1.17
2019-03-22 23:00:00,Overcast throughout the day.,0.8,56.00000000000001,996.5,15.43,1,-0.72
2019-03-23 23:00:00,Windy in the evening.,0.4,44.0,1006.8,33.05,1,-1.4
2019-03-24 23:00:00,Overcast throughout the day.,0.0,49.0,1006.2,29.75,1,0.17
2019-03-25 23:00:00,Possible light snow (1–3 cm.) until evening.,2.0,62.0,992.3,37.2,1,0.99
2019-03-26 23:00:00,Snow (1–3 cm.) overnight.,1.1,64.0,985.8,22.79,1,-0.64
2019-03-27 23:00:00,Possible light snow (1–2 cm.) in the morning.,2.3,65.0,978.2,27.46,1,-0.66
2019-03-28 23:00:00,Snow (1–3 cm.) starting in the afternoon.,1.7,57.99999999999999,982.7,30.11,1,0.2
2019-03-29 23:00:00,Rain (with a chance of 3–9 cm. of snow) throughout the day.,,66.0,948.9,33.07,1,1.31
2019-03-30 23:00:00,Possible light snow (1–4 cm.) in the morning and afternoon.,3.2,64.0,947.7,46.31,1,-0.02
2019-03-31 23:00:00,Windy and overcast throughout the day.,0.7,55.00000000000001,970.2,47.59,1,-0.68
2019-04-01 23:00:00,Windy in the morning.,0.6,46.0,985.3,41.93,1,-1.48
2019-04-02 23:00:00,Mostly cloudy throughout the day.,0.4,34.0,990.4,21.38,1,-2.11
2019-04-03 23:00:00,Overcast throughout the day.,0.4,52.0,986.5,17.76,1,-0.75
2019-04-04 23:00:00,Mostly cloudy throughout the day.,0.5,56.99999999999999,990.7,17.1,1,-0.96
2019-04-05 23:00:00,Overcast throughout the day.,0.1,45.0,989.0,19.69,1,-1.37
2019-04-06 23:00:00,Mostly cloudy throughout the day.,0.2,40.0,985.7,25.67,1,-1.84
2019-04-07 23:00:00,Overcast throughout the day.,0.7,37.0,993.5,27.77,1,-2.58
2019-04-08 23:00:00,Overcast throughout the day.,1.2,39.0,1005.3,35.64,1,-2.59
2019-04-09 23:00:00,Foggy in the evening.,2.0,50.0,1002.9,36.38,1,-0.43
2019-04-10 23:00:00,Snow (1–3 cm.) and windy overnight.,1.0,50.0,996.6,34.16,1,0.32
2019-04-11 23:00:00,Windy until evening.,0.9,59.0,987.8,48.95,1,0.4
2019-04-12 23:00:00,Dangerously windy overnight.,0.1,60.0,998.8,28.86,1,1.49
2019-04-13 23:00:00,Possible light rain in the morning.,,62.0,996.4,46.02,1,1.38
2019-04-14 23:00:00,Snow (1–2 cm.) in the afternoon and evening.,,62.0,989.5,34.14,1,1.41
2019-04-15 23:00:00,Windy and foggy overnight.,0.5,61.0,981.4,28.45,0,0.31
2019-04-16 23:00:00,Windy in the morning and afternoon.,1.0,63.0,977.9,40.11,0,0.51
2019-04-17 23:00:00,Overcast throughout the day.,0.3,62.0,973.6,21.4,0,-0.67
2019-04-18 23:00:00,Snow (< 2 cm.) and windy overnight.,0.1,51.0,968.4,31.86,0,-1.1
2019-04-19 23:00:00,Snow (3–8 cm.) in the morning and afternoon.,5.6,61.0,949.3,29.26,0,-0.76
2019-04-20 23:00:00,Snow (1–2 cm.) in the morning.,1.8,56.00000000000001,956.6,18.49,0,-0.88
2019-04-21 23:00:00,Windy in the evening and overnight.,0.3,56.00000000000001,971.8,39.03,0,-0.9
2019-04-22 23:00:00,Windy and overcast throughout the day.,1.1,51.0,982.0,46.06,0,-1.02
2019-04-23 23:00:00,Partly cloudy throughout the day.,0.3,59.0,996.0,25.83,0,-0.86
2019-04-24 23:00:00,Possible light snow (1–3 cm.) in the afternoon.,1.5,56.00000000000001,990.1,33.7,0,-0.66
2019-04-25 23:00:00,Partly cloudy throughout the day.,0.2,59.0,990.0,15.36,0,0.0
2019-04-26 23:00:00,Snow (2–5 cm.) starting in the afternoon.,3.1,57.99999999999999,992.5,34.8,0,0.09
2019-04-27 23:00:00,Possible light snow (< 1 cm.) in the evening.,0.7,57.99999999999999,989.4,36.74,0,-0.22
2019-04-28 23:00:00,Windy in the afternoon.,0.5,62.0,994.1,37.96,0,0.77
2019-04-29 23:00:00,Snow (1–4 cm.) starting in the afternoon.,2.5,59.0,996.2,35.51,0,1.25
2019-04-30 23:00:00,Dangerously windy and overcast throughout the day.,,60.0,985.3,55.24,0,1.39
2019-05-01 23:00:00,Mostly cloudy throughout the day.,0.2,51.0,997.8,34.01,0,-0.85
2019-05-02 23:00:00,Possible light snow and windy overnight.,0.0,50.0,1006.0,24.05,0,-1.0
2019-05-03 23:00:00,Snow (5–12 cm.) throughout the day.,7.1,61.0,982.8,40.34,0,0.65
2019-05-04 23:00:00,Snow (2–5 cm.) in the morning.,4.9,64.0,968.8,17.25,0,-0.07
2019-05-05 23:00:00,Possible flurries (< 1 cm.) in the morning.,0.5,55.00000000000001,984.3,34.36,0,-0.31
2019-05-06 23:00:00,Foggy overnight.,0.4,42.0,994.3,22.97,0,-0.51
2019-05-07 23:00:00,Snow (1–4 cm.) in the morning and afternoon.,2.8,64.0,978.5,24.61,0,0.26
2019-05-08 23:00:00,Foggy overnight.,0.3,64.0,981.3,24.44,0,-0.5
2019-05-09 23:00:00,Snow (1–2 cm.) in the morning.,1.7,61.0,979.3,30.89,0,-0.82
2019-05-10 23:00:00,Snow (1–2 cm.) overnight.,0.6,54.0,986.7,42.79,0,0.81
2019-05-11 23:00:00,Possible light snow (< 1 cm.) in the morning and afternoon.,1.4,59.0,977.6,43.95,0,-0.56
2019-05-12 23:00:00,Possible light snow overnight.,0.1,56.99999999999999,989.2,30.43,0,0.45
2019-05-13 23:00:00,Possible light snow (1–3 cm.) in the morning and overnight.,1.7,63.0,972.8,36.02,0,-0.05
2019-05-14 23:00:00,Possible flurries (< 1 cm.) in the morning.,0.8,63.0,967.7,17.94,0,-1.15
2019-05-15 23:00:00,Partly cloudy throughout the day.,0.3,57.99999999999999,981.5,16.58,0,-1.03
2019-05-16 23:00:00,Snow (1–3 cm.) in the afternoon.,2.2,51.0,987.1,26.0,0,-0.36
2019-05-17 23:00:00,Snow (5–12 cm.) throughout the day.,6.9,60.0,972.1,24.68,0,-0.08
2019-05-18 23:00:00,Possible light snow (1–2 cm.) in the morning.,2.6,57.99999999999999,965.1,48.49,0,-0.93
2019-05-19 23:00:00,Overcast throughout the day.,0.8,38.0,983.3,35.66,0,-5.62
2019-05-20 23:00:00,Possible light snow (1–2 cm.) in the evening.,1.5,34.0,987.6,29.36,0,-7.15
2019-05-21 23:00:00,Overcast throughout the day.,3.2,31.0,983.6,29.73,0,-9.57
2019-05-22 23:00:00,Possible light snow (1–4 cm.) overnight.,2.6,30.0,981.5,21.12,0,-10.18
2019-05-23 23:00:00,Possible light snow (1–2 cm.) in the morning.,2.1,30.0,976.2,34.33,0,-10.15
2019-05-24 23:00:00,Snow (3–9 cm.) and windy throughout the day.,5.6,28.999999999999996,970.9,59.68,0,-10.09
2019-05-25 23:00:00,Possible light snow (1–4 cm.) throughout the day.,2.8,26.0,969.0,37.11,0,-11.85
2019-05-26 23:00:00,Possible light snow (1–2 cm.) in the morning and afternoon.,1.3,36.0,955.7,26.88,0,-9.02
2019-05-27 23:00:00,Possible light snow (< 1 cm.) in the morning.,0.7,43.0,969.7,18.08,0,-5.29
2019-05-28 23:00:00,Partly cloudy throughout the day.,0.1,45.0,983.1,13.83,0,-7.72
2019-05-29 23:00:00,Mostly cloudy throughout the day.,0.4,46.0,995.3,15.76,0,-6.08
2019-05-30 23:00:00,Windy in the evening and overnight.,0.9,26.0,998.6,33.2,0,-10.71
2019-05-31 23:00:00,Possible light snow (1–3 cm.) overnight.,1.5,19.0,982.3,46.59,0,-13.3
2019-06-01 23:00:00,Possible light snow (1–2 cm.) in the morning.,1.3,25.0,981.6,50.57,0,-11.13
2019-06-02 23:00:00,Mostly cloudy throughout the day.,0.6,26.0,995.8,26.68,0,-6.42
2019-06-03 23:00:00,Overcast throughout the day.,0.5,38.0,998.3,20.96,0,-7.02
2019-06-04 23:00:00,Mostly cloudy throughout the day.,0.1,21.0,1004.5,12.52,0,-10.24
2019-06-05 23:00:00,Possible light snow (1–2 cm.) in the morning.,1.4,46.0,996.9,24.31,0,-3.13
2019-06-06 23:00:00,Overcast throughout the day.,0.3,46.0,989.4,23.61,0,-3.22
2019-06-07 23:00:00,Clear throughout the day.,0.1,16.0,995.1,11.42,0,-13.15
2019-06-08 23:00:00,Mostly cloudy throughout the day.,0.1,16.0,997.4,10.65,0,-13.98
2019-06-09 23:00:00,Overcast throughout the day.,0.4,37.0,994.5,21.93,0,-7.31
2019-06-10 23:00:00,Possible light snow (1–3 cm.) in the morning and afternoon.,2.4,37.0,986.8,23.91,0,-6.84
2019-06-11 23:00:00,Overcast throughout the day.,0.1,10.0,989.0,23.25,0,-19.52
2019-06-12 23:00:00,Windy in the evening and overnight.,0.1,28.000000000000004,980.3,39.15,0,-4.31
2019-06-13 23:00:00,Heavy snow (117–195 cm.) in the evening.,194.6,22.0,979.7,61.93,0,-12.82
2019-06-14 23:00:00,Partly cloudy throughout the day.,0.1,23.0,988.8,18.87,0,-15.07
2019-06-15 23:00:00,Partly cloudy throughout the day.,0.2,25.0,987.3,9.24,0,-9.25
2019-06-16 23:00:00,Mostly cloudy throughout the day.,0.2,32.0,987.9,17.8,0,-12.07
2019-06-17 23:00:00,Foggy in the evening and overnight.,0.5,38.0,993.7,16.0,0,-10.27
2019-06-18 23:00:00,Possible light snow (1–3 cm.) until evening.,2.1,45.0,992.4,13.22,0,-9.27
2019-06-19 23:00:00,Foggy overnight.,0.2,25.0,987.5,19.24,0,-12.71
2019-06-20 23:00:00,Foggy throughout the day.,0.1,19.0,991.2,21.66,0,-18.48
2019-06-21 23:00:00,Clear throughout the day.,0.1,17.0,996.5,14.03,0,-18.96
2019-06-22 23:00:00,Partly cloudy throughout the day.,0.1,12.0,995.6,27.6,0,-20.57
2019-06-23 23:00:00,Clear throughout the day.,0.1,10.0,1001.0,20.79,0,-21.19
2019-06-24 23:00:00,Partly cloudy throughout the day.,0.1,16.0,1002.7,19.86,0,-14.06
2019-06-25 23:00:00,Snow (1–4 cm.) starting in the afternoon.,2.2,50.0,992.4,46.09,0,-1.77
2019-06-26 23:00:00,Snow (3–8 cm.) until evening.,5.9,51.0,985.0,21.16,0,-3.02
2019-06-27 23:00:00,Foggy throughout the day.,0.8,26.0,983.7,22.82,0,-11.39
2019-06-28 23:00:00,Foggy throughout the day.,0.0,13.0,991.6,18.71,0,-18.92
2019-06-29 23:00:00,Foggy in the morning.,0.1,14.000000000000002,998.8,11.39,0,-19.85
2019-06-30 23:00:00,Foggy starting in the afternoon.,0.3,17.0,999.6,8.75,0,-16.5
2019-07-01 23:00:00,Foggy in the morning and afternoon.,0.1,12.0,997.2,24.87,0,-18.88
2019-07-02 23:00:00,Foggy throughout the day.,0.9,13.0,1001.7,22.01,0,-15.48
2019-07-03 23:00:00,Foggy in the morning.,0.3,24.0,997.1,30.92,0,-10.14
2019-07-04 23:00:00,Foggy overnight.,0.2,15.0,1005.0,22.53,0,-12.91
2019-07-05 23:00:00,Snow (< 2 cm.) in the morning.,1.3,25.0,1002.2,23.54,0,-7.44
2019-07-06 23:00:00,Foggy in the morning and overnight.,0.5,13.0,1008.1,23.75,0,-16.1
2019-07-07 23:00:00,Foggy throughout the day.,1.4,17.0,1001.8,30.95,0,-13.39
2019-07-08 23:00:00,Foggy throughout the day.,1.4,18.0,1004.8,22.78,0,-11.47
2019-07-09 23:00:00,Foggy throughout the day.,1.4,20.0,996.2,23.84,0,-11.13
2019-07-10 23:00:00,Windy in the morning and afternoon.,1.3,13.0,993.9,41.45,0,-17.17
2019-07-11 23:00:00,Foggy throughout the day.,0.3,13.0,1006.7,30.72,0,-20.55
2019-07-12 23:00:00,Foggy throughout the day.,0.5,9.0,1006.1,23.55,0,-22.08
2019-07-13 23:00:00,Foggy throughout the day.,0.1,12.0,1010.5,25.14,0,-21.82
2019-07-14 23:00:00,Possible light snow (< 2 cm.) overnight.,0.8,14.000000000000002,1017.5,22.92,0,-15.22
2019-07-15 23:00:00,Possible light snow (< 2 cm.) starting in the afternoon.,1.0,30.0,1013.8,33.39,0,-5.07
2019-07-16 23:00:00,Possible light snow (1–4 cm.) throughout the day.,2.1,60.0,997.6,37.06,0,0.43
2019-07-17 23:00:00,Possible light snow (1–2 cm.) in the morning and afternoon.,1.9,48.0,986.5,36.99,0,-1.05
2019-07-18 23:00:00,Foggy in the morning and overnight.,0.4,32.0,993.5,19.06,0,-7.98
2019-07-19 23:00:00,Foggy in the morning and overnight.,0.2,27.0,1001.1,13.62,0,-12.92
2019-07-20 23:00:00,Foggy throughout the day.,0.4,28.999999999999996,999.9,25.07,0,-11.52
2019-07-21 23:00:00,Snow (3–7 cm.) starting in the afternoon.,2.5,40.0,993.5,38.8,0,-5.54
2019-07-22 23:00:00,Snow (1–4 cm.) until evening.,4.8,43.0,989.3,29.96,0,-6.98
2019-07-23 23:00:00,Possible flurries (< 2 cm.) in the morning.,1.0,33.0,988.3,24.15,0,-9.01
2019-07-24 23:00:00,Foggy throughout the day.,1.5,24.0,996.2,25.35,0,-11.77
2019-07-25 23:00:00,Snow (1–2 cm.) and windy overnight.,0.3,11.0,1013.0,21.1,0,-15.64
2019-07-26 23:00:00,"Snow (4–11 cm.) until afternoon, starting again overnight.",8.5,49.0,987.3,46.84,0,0.1
2019-07-27 23:00:00,Foggy throughout the day.,0.5,44.0,978.3,26.05,0,-3.4
2019-07-28 23:00:00,Possible flurries (< 1 cm.) overnight.,0.5,17.0,985.3,19.8,0,-13.23
2019-07-29 23:00:00,Foggy throughout the day.,1.3,22.0,988.5,29.8,0,-15.04
2019-07-30 23:00:00,Foggy throughout the day.,0.9,20.0,998.8,26.08,0,-17.02
2019-07-31 23:00:00,Foggy throughout the day.,0.0,14.000000000000002,1012.4,25.68,0,-17.88
2019-08-01 23:00:00,Foggy in the morning and afternoon.,0.2,15.0,1020.5,21.41,0,-18.83
2019-08-02 23:00:00,"Foggy until morning, starting again in the evening.",0.4,19.0,1016.4,28.79,0,-13.17
2019-08-03 23:00:00,Windy overnight.,0.5,33.0,1004.3,34.77,0,-9.04
2019-08-04 23:00:00,Possible light snow (1–4 cm.) in the morning and afternoon.,2.8,52.0,985.7,37.92,0,-3.24
2019-08-05 23:00:00,Foggy in the evening and overnight.,0.9,35.0,982.6,25.2,0,-6.51
2019-08-06 23:00:00,Dangerously windy in the evening and overnight.,1.2,49.0,971.3,39.45,0,-4.07
2019-08-07 23:00:00,Dangerously windy until evening.,1.3,43.0,964.0,59.44,0,-6.0
2019-08-08 23:00:00,Foggy throughout the day.,0.2,27.0,983.5,30.39,0,-8.54
2019-08-09 23:00:00,Foggy throughout the day.,0.1,17.0,997.6,21.07,0,-13.43
2019-08-10 23:00:00,Foggy throughout the day.,0.3,17.0,996.4,23.03,0,-16.46
2019-08-11 23:00:00,Snow (4–10 cm.) in the morning.,7.8,20.0,985.0,43.82,0,-15.66
2019-08-12 23:00:00,Possible light snow (< 1 cm.) in the morning.,1.4,26.0,991.7,33.38,0,-11.79
2019-08-13 23:00:00,Snow (3–8 cm.) and windy in the afternoon.,5.0,22.0,986.1,30.04,0,-13.35
2019-08-14 23:00:00,Windy in the afternoon.,0.7,11.0,984.2,38.48,0,-21.51
2019-08-15 23:00:00,Foggy throughout the day.,1.3,21.0,985.6,28.04,0,-17.21
2019-08-16 23:00:00,Windy in the afternoon.,0.8,12.0,989.2,36.96,0,-24.39
2019-08-17 23:00:00,Foggy throughout the day.,0.5,11.0,990.0,21.86,0,-20.99
2019-08-18 23:00:00,Windy overnight.,0.9,10.0,982.2,28.84,0,-21.08
2019-08-19 23:00:00,Windy in the afternoon.,2.5,11.0,981.5,38.37,0,-17.01
2019-08-20 23:00:00,Dangerously windy and foggy throughout the day.,0.8,16.0,989.1,52.31,0,-12.03
2019-08-21 23:00:00,"Foggy until afternoon, starting again overnight.",0.3,19.0,1005.9,29.84,0,-12.84
2019-08-22 23:00:00,"Foggy until afternoon, starting again overnight.",1.6,36.0,1004.8,37.13,1,-8.33
2019-08-23 23:00:00,Foggy in the morning.,0.2,21.0,1005.1,31.92,1,-11.85
2019-08-24 23:00:00,Foggy in the morning and afternoon.,0.3,34.0,1005.3,21.93,1,-5.05
2019-08-25 23:00:00,Foggy starting in the afternoon.,0.6,49.0,995.4,15.91,1,-3.35
2019-08-26 23:00:00,Foggy in the morning and overnight.,0.4,42.0,997.2,16.75,1,-2.69
2019-08-27 23:00:00,"Foggy until morning, starting again in the evening.",0.4,36.0,996.5,8.72,1,-7.13
2019-08-28 23:00:00,Windy and foggy throughout the day.,0.6,31.0,984.6,44.39,1,-8.12
2019-08-29 23:00:00,Windy and foggy throughout the day.,0.7,18.0,988.4,47.72,1,-15.61
2019-08-30 23:00:00,Foggy throughout the day.,0.2,17.0,999.9,36.74,1,-17.24
2019-08-31 23:00:00,Foggy until evening.,0.3,15.0,1011.0,14.02,1,-19.66
2019-09-01 23:00:00,"Foggy until morning, starting again in the evening.",0.0,17.0,1009.2,14.01,1,-19.26
2019-09-02 23:00:00,Windy overnight.,0.2,17.0,1006.1,30.28,1,-15.78
2019-09-03 23:00:00,Windy in the morning.,1.1,20.0,992.1,41.03,1,-12.54
2019-09-04 23:00:00,Foggy throughout the day.,0.4,12.0,990.0,20.73,1,-20.89
2019-09-05 23:00:00,Foggy throughout the day.,0.2,19.0,989.1,18.59,1,-14.21
2019-09-06 23:00:00,Foggy in the morning and overnight.,1.1,36.0,986.5,12.61,1,-9.22
2019-09-07 23:00:00,Windy starting in the afternoon.,1.9,57.99999999999999,984.4,42.96,1,0.37
2019-09-08 23:00:00,Snow (1–2 cm.) overnight.,0.6,40.0,986.4,35.53,1,-2.0
2019-09-09 23:00:00,Snow (3–8 cm.) in the morning.,5.7,48.0,974.2,49.0,1,-0.86
2019-09-10 23:00:00,Possible light rain (with a chance of 1–2 cm. of snow) in the afternoon and evening.,1.3,61.0,968.5,43.09,1,2.71
2019-09-11 23:00:00,Foggy throughout the day.,0.9,26.0,975.1,33.57,1,-4.16
2019-09-12 23:00:00,Snow (2–5 cm.) in the evening and overnight.,1.9,31.0,986.2,32.14,1,-4.23
2019-09-13 23:00:00,Snow (1–4 cm.) in the morning.,4.0,31.0,984.0,36.26,1,-2.05
2019-09-14 23:00:00,Foggy in the morning and overnight.,0.3,25.0,1003.5,33.07,2,-11.23
2019-09-15 23:00:00,Foggy throughout the day.,1.9,28.000000000000004,1001.3,28.03,1,-7.88
2019-09-16 23:00:00,Foggy in the morning.,0.2,13.0,1004.1,8.45,2,-19.0
2019-09-17 23:00:00,Clear throughout the day.,0.2,16.0,992.6,11.55,2,-14.8
2019-09-18 23:00:00,Mostly cloudy throughout the day.,0.2,19.0,988.8,6.09,2,-14.48
2019-09-19 23:00:00,Foggy starting in the afternoon.,1.0,38.0,982.9,19.08,2,-4.8
2019-09-20 23:00:00,Foggy throughout the day.,1.7,47.0,972.0,13.61,2,-6.27
2019-09-21 23:00:00,Foggy throughout the day.,0.9,45.0,979.1,13.09,2,-6.81
2019-09-22 23:00:00,Snow (8–17 cm.) in the evening and overnight.,7.9,38.0,975.6,29.12,2,-7.31
2019-09-23 23:00:00,Snow (5–12 cm.) in the morning.,11.6,41.0,966.7,38.35,2,-6.52
2019-09-24 23:00:00,Windy in the morning.,1.0,25.0,986.7,35.77,1,-12.8
2019-09-25 23:00:00,Snow (2–5 cm.) in the afternoon and evening.,3.1,32.0,988.5,20.97,1,-6.98
2019-09-26 23:00:00,Possible flurries (< 1 cm.) in the morning.,0.9,43.0,975.2,19.38,1,-6.87
2019-09-27 23:00:00,Foggy in the morning and overnight.,0.3,27.0,989.2,23.86,2,-11.91
2019-09-28 23:00:00,Snow (6–14 cm.) throughout the day.,9.7,51.0,991.7,32.0,2,-0.06
2019-09-29 23:00:00,Snow (3–7 cm.) starting in the afternoon.,2.4,48.0,981.4,32.65,2,-1.84
2019-09-30 23:00:00,Snow (1–4 cm.) in the morning.,4.7,27.0,977.0,41.19,2,-10.87
2019-10-01 23:00:00,Foggy throughout the day.,1.2,15.0,977.9,19.8,2,-18.15
2019-10-02 23:00:00,Foggy in the morning and overnight.,2.2,11.0,977.0,17.3,3,-20.4
2019-10-03 23:00:00,Foggy in the morning and overnight.,0.4,15.0,978.4,17.25,2,-17.39
2019-10-04 23:00:00,Foggy throughout the day.,0.5,18.0,975.1,23.76,2,-16.81
2019-10-05 23:00:00,Foggy throughout the day.,1.5,19.0,978.7,31.79,3,-16.24
2019-10-06 23:00:00,Foggy in the morning and afternoon.,1.3,28.999999999999996,987.2,28.53,3,-10.82
2019-10-07 23:00:00,Overcast throughout the day.,0.4,35.0,991.4,17.53,3,-8.94
2019-10-08 23:00:00,Foggy in the evening and overnight.,0.3,24.0,983.1,28.05,3,-13.48
2019-10-09 23:00:00,Foggy throughout the day.,0.2,28.000000000000004,980.7,23.36,3,-9.61
2019-10-10 23:00:00,Foggy throughout the day.,0.5,42.0,985.5,22.11,3,-6.26
2019-10-11 23:00:00,Foggy until evening.,0.2,43.0,991.0,22.22,3,-6.06
2019-10-12 23:00:00,Foggy overnight.,0.2,31.0,1000.5,9.49,3,-10.22
2019-10-13 23:00:00,Foggy in the morning.,0.6,38.0,1002.2,12.7,3,-7.49
2019-10-14 23:00:00,Snow (2–6 cm.) in the evening.,4.0,47.0,986.7,38.93,3,-1.11
2019-10-15 23:00:00,Foggy overnight.,0.3,24.0,991.5,33.09,4,-9.17
2019-10-16 23:00:00,Snow (1–4 cm.) in the morning.,3.0,50.0,990.6,17.4,3,0.5
2019-10-17 23:00:00,Possible drizzle in the morning and afternoon.,0.7,64.0,986.0,22.3,3,1.56
2019-10-18 23:00:00,Foggy in the afternoon.,0.3,56.99999999999999,985.2,20.36,3,0.27
2019-10-19 23:00:00,Snow (1–4 cm.) and dangerously windy throughout the day.,2.4,56.99999999999999,978.6,43.89,2,1.47
2019-10-20 23:00:00,Windy in the morning and afternoon.,0.8,55.00000000000001,983.3,46.4,2,-0.64
2019-10-21 23:00:00,Possible light rain in the afternoon.,0.5,60.0,995.8,36.67,2,2.1
2019-10-22 23:00:00,Windy throughout the day.,0.2,54.0,988.1,48.39,3,0.21
2019-10-23 23:00:00,Windy until evening.,0.5,44.0,997.6,59.31,3,-3.97
2019-10-24 23:00:00,Snow (1–4 cm.) in the evening and overnight.,2.8,51.0,1010.8,24.97,3,1.53
2019-10-25 23:00:00,Partly cloudy throughout the day.,,61.0,1008.0,32.62,4,1.94
2019-10-26 23:00:00,Possible light rain in the evening.,0.5,56.00000000000001,1006.4,20.12,3,1.83
2019-10-27 23:00:00,Possible light rain (with a chance of < 2 cm. of snow) in the evening and overnight.,,69.0,996.7,22.05,3,2.49
2019-10-28 23:00:00,Possible light rain (with a chance of < 2 cm. of snow) in the morning.,,67.0,991.3,23.44,4,1.12
2019-10-29 23:00:00,Snow (1–2 cm.) in the evening.,1.2,60.0,992.3,31.41,5,0.71
2019-10-30 23:00:00,Foggy in the morning.,0.4,42.0,996.8,30.56,5,-1.67
2019-10-31 23:00:00,Partly cloudy throughout the day.,0.1,40.0,1007.0,14.54,5,0.64
2019-11-01 23:00:00,Possible flurries (< 1 cm.) overnight.,0.3,63.0,996.9,28.78,4,1.65
2019-11-02 23:00:00,Foggy overnight.,0.4,57.99999999999999,987.7,33.91,4,0.25
2019-11-03 23:00:00,Possible light snow (1–2 cm.) in the morning and afternoon.,1.5,65.0,981.9,36.07,4,1.31
2019-11-04 23:00:00,Possible light snow (1–2 cm.) in the evening and overnight.,1.0,62.0,974.5,13.84,4,0.22
2019-11-05 23:00:00,Possible light snow (1–2 cm.) in the afternoon.,1.2,69.0,967.7,17.48,4,0.89
2019-11-06 23:00:00,Possible light snow (< 1 cm.) in the morning.,1.3,55.00000000000001,968.9,16.59,3,-0.97
2019-11-07 23:00:00,Mostly cloudy throughout the day.,0.3,41.0,978.0,10.81,4,-1.23
2019-11-08 23:00:00,Foggy starting in the afternoon.,0.6,54.0,984.3,19.85,4,-0.12
2019-11-09 23:00:00,Windy in the evening and overnight.,1.3,52.0,980.7,33.95,3,-0.85
2019-11-10 23:00:00,Windy and foggy throughout the day.,1.5,42.0,967.1,51.9,3,-4.2
2019-11-11 23:00:00,Windy in the afternoon and evening.,0.9,49.0,966.7,40.86,3,-2.65
2019-11-12 23:00:00,Overcast throughout the day.,0.6,49.0,977.9,27.25,3,-3.32
2019-11-13 23:00:00,Snow (1–2 cm.) overnight.,0.8,49.0,985.4,20.12,4,-2.72
2019-11-14 23:00:00,Possible light rain and windy overnight.,0.5,55.00000000000001,990.6,29.2,4,0.28
2019-11-15 23:00:00,Possible drizzle until evening.,,69.0,987.9,35.41,3,2.51
2019-11-16 23:00:00,Foggy in the morning.,,63.0,986.7,24.84,3,2.54
2019-11-17 23:00:00,Overcast throughout the day.,,61.0,989.0,19.29,3,1.54
2019-11-18 23:00:00,Foggy in the morning.,,64.0,990.0,31.09,3,1.97
2019-11-19 23:00:00,Foggy in the evening and overnight.,0.0,56.00000000000001,996.6,12.45,4,1.52
2019-11-20 23:00:00,Foggy in the evening and overnight.,,65.0,990.6,23.81,3,2.3
2019-11-21 23:00:00,Foggy in the morning and afternoon.,0.3,69.0,994.9,9.61,3,0.9
2019-11-22 23:00:00,Clear throughout the day.,0.1,60.0,1005.7,3.18,4,1.18
2019-11-23 23:00:00,Mostly cloudy throughout the day.,0.1,60.0,1010.2,12.25,3,0.49
2019-11-24 23:00:00,Foggy in the evening and overnight.,0.4,56.99999999999999,1006.7,14.23,4,0.81
2019-11-25 23:00:00,"Foggy until afternoon, starting again overnight.",0.9,66.0,998.4,23.84,3,1.77
2019-11-26 23:00:00,Foggy in the morning and overnight.,0.1,62.0,1005.8,15.88,3,1.61
2019-11-27 23:00:00,Foggy in the morning.,0.6,61.0,1004.4,18.58,3,1.21
2019-11-28 23:00:00,Mostly cloudy throughout the day.,0.2,56.99999999999999,1001.2,18.65,4,1.02
2019-11-29 23:00:00,Snow (1–3 cm.) in the evening and overnight.,0.7,59.0,995.2,18.49,3,1.32
2019-11-30 23:00:00,Foggy in the morning.,1.6,61.0,988.9,28.0,3,0.75
2019-12-01 23:00:00,"Foggy until afternoon, starting again overnight.",0.7,54.0,986.9,33.41,3,-1.11
2019-12-02 23:00:00,Possible light snow (1–3 cm.) and windy in the afternoon.,1.7,62.0,978.1,36.51,3,-0.15
2019-12-03 23:00:00,"Foggy until afternoon, starting again overnight.",4.2,60.0,973.8,24.08,3,-0.42
2019-12-04 23:00:00,Foggy in the morning.,0.9,56.99999999999999,974.9,15.22,4,-0.79
2019-12-05 23:00:00,Mostly cloudy throughout the day.,0.2,60.0,984.4,18.22,4,0.35
2019-12-06 23:00:00,Overcast throughout the day.,0.3,57.99999999999999,989.1,25.15,3,0.42
2019-12-07 23:00:00,Overcast throughout the day.,0.2,56.99999999999999,988.2,34.84,3,0.18
2019-12-08 23:00:00,Overcast throughout the day.,0.3,55.00000000000001,990.6,26.05,3,-0.54
2019-12-09 23:00:00,Foggy overnight.,0.5,61.0,991.6,18.86,4,-0.01
2019-12-10 23:00:00,Foggy in the morning and overnight.,0.5,65.0,988.7,22.27,3,-0.17
2019-12-11 23:00:00,Foggy throughout the day.,0.9,69.0,985.8,24.88,3,0.07
2019-12-12 23:00:00,Foggy in the morning.,0.9,68.0,989.5,14.4,4,0.2
2019-12-13 23:00:00,Overcast throughout the day.,0.3,65.0,989.9,4.67,3,0.26
2019-12-14 23:00:00,Overcast throughout the day.,0.1,65.0,991.1,6.53,4,-0.23
2019-12-15 23:00:00,Overcast throughout the day.,0.1,62.0,993.8,9.18,4,-0.19
2019-12-16 23:00:00,Foggy in the evening and overnight.,0.9,62.0,993.1,22.65,4,0.04
2019-12-17 23:00:00,"Foggy until afternoon, starting again overnight.",,70.0,993.9,21.0,3,1.42
2019-12-18 23:00:00,Foggy in the morning.,0.3,56.99999999999999,999.4,9.67,3,-0.26
2019-12-19 23:00:00,Overcast throughout the day.,0.3,53.0,996.5,7.99,3,-0.81
2019-12-20 23:00:00,Foggy in the morning and overnight.,0.3,60.0,997.5,9.3,4,-0.64
2019-12-21 23:00:00,Foggy overnight.,1.0,63.0,998.0,19.48,5,-0.39
2019-12-22 23:00:00,Possible light rain (with a chance of 1–2 cm. of snow) in the morning.,1.2,65.0,994.5,23.84,4,0.98
2019-12-23 23:00:00,Dangerously windy throughout the day.,,64.0,983.8,44.89,4,2.13
2019-12-24 23:00:00,Mostly cloudy throughout the day.,0.2,64.0,987.2,29.95,4,0.97
2019-12-25 23:00:00,Foggy in the evening and overnight.,0.4,66.0,984.5,25.5,4,0.4
2019-12-26 23:00:00,Mostly cloudy throughout the day.,0.4,64.0,988.5,25.16,4,-0.01
2019-12-27 23:00:00,Mostly cloudy throughout the day.,0.2,62.0,995.7,19.43,4,0.71
2019-12-28 23:00:00,Overcast throughout the day.,0.1,56.99999999999999,989.2,28.37,4,0.92
2019-12-29 23:00:00,Foggy overnight.,0.1,62.0,988.8,30.78,4,0.79
2019-12-30 23:00:00,Foggy in the morning.,0.2,66.0,997.1,16.39,4,-0.04
2019-12-31 23:00:00,Mostly cloudy throughout the day.,0.4,57.99999999999999,998.9,7.28,4,-0.01
2020-01-01 23:00:00,Partly cloudy throughout the day.,0.1,56.00000000000001,998.2,14.59,5,-0.34
2020-01-02 23:00:00,Foggy in the morning.,0.4,60.0,988.9,23.2,4,-0.32
2020-01-03 23:00:00,Overcast throughout the day.,0.3,56.99999999999999,992.2,12.68,4,-0.18
2020-01-04 23:00:00,Mostly cloudy throughout the day.,0.4,60.0,995.1,10.95,4,0.33
2020-01-05 23:00:00,Foggy overnight.,0.1,61.0,999.8,12.45,4,0.69
2020-01-06 23:00:00,Possible light rain in the morning and afternoon.,,69.0,995.6,25.38,4,2.38
2020-01-07 23:00:00,Foggy in the evening.,,69.0,994.2,15.79,4,2.0
2020-01-08 23:00:00,Mostly cloudy throughout the day.,0.1,54.0,1001.3,18.42,4,0.54
2020-01-09 23:00:00,Overcast throughout the day.,0.2,50.0,1001.6,6.21,3,0.77
2020-01-10 23:00:00,Possible light rain in the afternoon.,,64.0,992.4,30.14,3,2.52
2020-01-11 23:00:00,Foggy in the morning.,,65.0,988.5,16.24,4,2.14
2020-01-12 23:00:00,Possible light rain in the evening and overnight.,,66.0,985.0,16.76,3,1.93
2020-01-13 23:00:00,Foggy until evening.,0.4,71.0,980.8,27.09,4,1.14
2020-01-14 23:00:00,Overcast throughout the day.,0.2,66.0,984.8,27.5,4,1.04
2020-01-15 23:00:00,Windy overnight.,0.7,66.0,985.6,20.47,4,1.48
2020-01-16 23:00:00,Possible light rain until evening.,,68.0,965.6,38.08,4,2.48
2020-01-17 23:00:00,Possible flurries (< 1 cm.) in the morning and afternoon.,0.7,64.0,960.2,51.53,3,0.42
2020-01-18 23:00:00,Possible flurries (< 1 cm.) in the morning and afternoon.,0.5,59.0,975.1,40.65,4,0.37
2020-01-19 23:00:00,Possible flurries (< 1 cm.) in the afternoon.,0.5,59.0,980.0,36.97,3,0.27
2020-01-20 23:00:00,Foggy in the evening.,0.3,60.0,985.0,27.75,3,0.45
2020-01-21 23:00:00,Possible light snow (< 1 cm.) in the afternoon.,0.6,66.0,987.6,22.05,3,0.68
2020-01-22 23:00:00,Foggy overnight.,0.6,64.0,992.6,29.55,3,0.65
2020-01-23 23:00:00,Mostly cloudy throughout the day.,0.3,63.0,995.7,22.95,4,0.8
2020-01-24 23:00:00,Possible light snow (1–3 cm.) starting in the afternoon.,1.3,63.0,990.4,11.24,3,0.6
2020-01-25 23:00:00,Possible light snow (1–3 cm.) in the evening.,2.2,68.0,991.5,8.03,3,0.16
2020-01-26 23:00:00,Snow (1–4 cm.) in the afternoon and evening.,3.0,68.0,998.9,15.7,3,0.62
2020-01-27 23:00:00,Mostly cloudy throughout the day.,0.3,64.0,1004.5,16.75,5,0.69
2020-01-28 23:00:00,Mostly cloudy throughout the day.,0.2,54.0,1006.6,11.61,4,0.68
2020-01-29 23:00:00,Mostly cloudy throughout the day.,0.1,51.0,1005.6,12.87,5,1.07
2020-01-30 23:00:00,Mostly cloudy throughout the day.,0.1,50.0,1005.2,8.91,3,1.11
2020-01-31 23:00:00,Overcast throughout the day.,0.1,53.0,1008.5,11.66,3,1.73
2020-02-01 23:00:00,Mostly cloudy throughout the day.,,61.0,1007.0,27.61,4,2.82
2020-02-02 23:00:00,Possible light rain in the morning.,,69.0,983.5,37.94,3,3.19
2020-02-03 23:00:00,Possible drizzle in the morning and afternoon.,,70.0,980.2,44.0,3,2.22
2020-02-04 23:00:00,Windy starting in the afternoon.,,63.0,984.2,36.44,3,1.48
2020-02-05 23:00:00,Windy in the morning and afternoon.,0.5,56.99999999999999,988.6,43.59,3,-0.21
2020-02-06 23:00:00,Possible light snow (1–2 cm.) in the afternoon.,1.4,61.0,978.8,38.07,3,0.54
2020-02-07 23:00:00,Windy in the morning and afternoon.,0.6,62.0,989.3,39.04,3,0.94
2020-02-08 23:00:00,Overcast throughout the day.,0.4,53.0,991.9,29.93,3,0.08
2020-02-09 23:00:00,Rain (with a chance of < 2 cm. of snow) overnight.,0.3,54.0,995.3,22.68,4,0.88
2020-02-10 23:00:00,Rain in the morning and afternoon.,,68.0,985.0,25.57,3,2.37
2020-02-11 23:00:00,Rain (with a chance of 1–2 cm. of snow) overnight.,,64.0,987.8,33.99,4,2.63
2020-02-12 23:00:00,"Windy until afternoon, starting again overnight.",,69.0,974.2,41.07,3,2.65
2020-02-13 23:00:00,Windy in the morning.,,64.0,988.9,38.39,3,1.95
2020-02-14 23:00:00,Foggy overnight.,,64.0,997.5,11.68,3,1.65
2020-02-15 23:00:00,Windy in the evening and overnight.,,60.0,994.5,34.27,3,2.05
2020-02-16 23:00:00,Windy in the morning and afternoon.,,57.99999999999999,990.9,42.57,3,2.02
2020-02-17 23:00:00,Foggy overnight.,0.1,56.00000000000001,1001.0,21.67,3,0.89
2020-02-18 23:00:00,Foggy in the morning and overnight.,0.2,63.0,1006.1,24.37,3,1.35
2020-02-19 23:00:00,Foggy throughout the day.,1.5,63.0,1006.4,16.97,3,0.71
2020-02-20 23:00:00,Foggy in the morning.,0.8,60.0,999.9,17.18,3,0.08
2020-02-21 23:00:00,Foggy in the evening and overnight.,0.7,56.00000000000001,991.9,20.39,3,-0.27
2020-02-22 23:00:00,Foggy in the evening and overnight.,0.4,56.99999999999999,993.7,20.91,3,-0.52
2020-02-23 23:00:00,Foggy in the morning.,0.3,56.00000000000001,995.2,11.04,3,-0.12
2020-02-24 23:00:00,Possible light snow (< 1 cm.) in the afternoon.,0.4,61.0,992.5,41.19,3,1.77
2020-02-25 23:00:00,Rain (with a chance of 1–4 cm. of snow) throughout the day.,,68.0,976.5,44.23,3,2.5
2020-02-26 23:00:00,Foggy in the morning and overnight.,0.3,69.0,961.8,27.96,2,1.24
2020-02-27 23:00:00,Windy in the morning and overnight.,0.5,60.0,974.1,38.82,2,0.56
2020-02-28 23:00:00,Windy in the morning and afternoon.,0.8,50.0,984.4,43.3,2,-1.73
2020-02-29 23:00:00,Overcast throughout the day.,0.5,47.0,987.5,21.91,2,-1.56
2020-03-01 23:00:00,Foggy overnight.,0.5,51.0,982.0,32.0,2,-0.54
2020-03-02 23:00:00,Windy until evening.,1.3,60.0,986.5,41.81,2,0.15
2020-03-03 23:00:00,Windy in the morning and afternoon.,0.4,64.0,997.6,42.06,2,0.49
2020-03-04 23:00:00,Windy and foggy overnight.,0.3,52.0,1004.3,22.01,2,0.1
2020-03-05 23:00:00,Light rain (with a chance of 2–5 cm. of snow) throughout the day.,,68.0,978.4,41.92,2,1.81
2020-03-06 23:00:00,Foggy in the morning.,1.9,66.0,976.0,31.78,2,1.38
2020-03-07 23:00:00,Foggy overnight.,0.2,53.0,996.0,12.38,2,0.36
2020-03-08 23:00:00,Foggy in the evening and overnight.,0.4,65.0,998.2,13.9,2,0.13
2020-03-09 23:00:00,Foggy in the morning.,0.5,54.0,998.6,31.28,2,-0.26
2020-03-10 23:00:00,Windy starting in the afternoon.,0.0,56.00000000000001,1002.9,37.84,2,0.76
2020-03-11 23:00:00,Windy and partly cloudy throughout the day.,0.0,59.0,1005.0,41.82,2,1.88
2020-03-12 23:00:00,Windy and mostly cloudy throughout the day.,,56.99999999999999,1006.2,48.74,2,2.1
2020-03-13 23:00:00,Possible light rain overnight.,,63.0,1001.2,42.13,2,1.67
2020-03-14 23:00:00,Snow (1–3 cm.) in the morning and afternoon.,2.2,67.0,979.1,41.73,2,1.3
2020-03-15 23:00:00,Possible flurries (< 1 cm.) in the morning and afternoon.,0.8,67.0,970.9,27.68,2,1.25
2020-03-16 23:00:00,Foggy starting in the afternoon.,0.4,56.99999999999999,979.9,17.05,2,-0.12
2020-03-17 23:00:00,Overcast throughout the day.,0.2,50.0,978.7,27.18,1,-1.7
2020-03-18 23:00:00,Foggy overnight.,0.1,47.0,976.2,26.43,1,-1.06
2020-03-19 23:00:00,Overcast throughout the day.,1.0,46.0,978.4,14.97,1,-1.89
2020-03-20 23:00:00,Windy starting in the afternoon.,0.1,51.0,970.7,34.24,1,-1.01
2020-03-21 23:00:00,Windy in the morning.,0.9,47.0,979.9,39.25,1,-1.08
2020-03-22 23:00:00,Possible light snow (< 1 cm.) and windy overnight.,0.2,39.0,993.2,20.76,1,-1.81
2020-03-23 23:00:00,Rain (with a chance of 2–7 cm. of snow) throughout the day.,,65.0,967.1,39.14,1,1.95
2020-03-24 23:00:00,Snow (3–7 cm.) in the morning and afternoon.,6.2,61.0,957.1,54.74,1,0.68
2020-03-25 23:00:00,Snow (1–3 cm.) overnight.,1.0,51.0,978.3,32.07,1,0.82
2020-03-26 23:00:00,Snow (1–2 cm.) and dangerously windy in the morning.,2.1,46.0,966.4,38.27,1,1.18
2020-03-27 23:00:00,Windy overnight.,0.5,45.0,975.1,30.19,1,-1.45
2020-03-28 23:00:00,Windy in the morning.,0.5,52.0,988.0,37.18,1,-1.42
2020-03-29 23:00:00,Foggy in the morning.,0.5,51.0,988.0,19.28,1,-1.7
2020-03-30 23:00:00,Foggy starting in the afternoon.,1.7,48.0,985.9,16.0,1,-2.6
2020-03-31 23:00:00,Foggy in the morning.,0.7,45.0,991.9,24.07,1,-3.14
2020-04-01 23:00:00,Foggy overnight.,0.4,45.0,1002.9,21.03,1,-2.31
2020-04-02 23:00:00,Possible light rain (with a chance of 1–3 cm. of snow) overnight.,1.1,61.0,993.7,42.87,1,0.61
2020-04-03 23:00:00,"Rain (with a chance of 1–3 cm. of snow) until morning, starting again in the evening.",,63.0,991.3,32.37,1,1.94
2020-04-04 23:00:00,Possible light rain in the morning.,,60.0,981.6,59.74,1,2.35
2020-04-05 23:00:00,Snow (1–4 cm.) until evening.,2.4,68.0,989.1,21.95,1,0.94
2020-04-06 23:00:00,Dangerously windy throughout the day.,1.0,57.99999999999999,994.8,42.07,1,1.45
2020-04-07 23:00:00,Windy until evening.,0.4,57.99999999999999,989.4,51.23,1,0.45
2020-04-08 23:00:00,Rain (with a chance of 2–5 cm. of snow) in the morning and afternoon.,,64.0,981.3,40.21,1,1.74
2020-04-09 23:00:00,Snow (3–8 cm.) in the evening and overnight.,5.0,57.99999999999999,982.8,38.59,1,1.74
2020-04-10 23:00:00,Possible light snow (1–2 cm.) in the afternoon.,1.2,63.0,968.0,50.83,1,1.84
2020-04-11 23:00:00,Foggy overnight.,0.5,48.0,980.3,18.7,1,-2.14
2020-04-12 23:00:00,Foggy starting in the afternoon.,1.1,52.0,976.8,18.57,1,-2.24
2020-04-13 23:00:00,Foggy throughout the day.,1.5,50.0,979.9,21.69,1,-2.67
2020-04-14 23:00:00,Overcast throughout the day.,2.0,35.0,986.0,24.13,0,-5.02
2020-04-15 23:00:00,Overcast throughout the day.,0.8,38.0,994.6,25.21,0,-2.85
2020-04-16 23:00:00,Snow (1–2 cm.) and windy overnight.,0.4,42.0,1002.0,28.05,1,-1.3
2020-04-17 23:00:00,Snow (2–5 cm.) and windy in the morning.,3.8,55.00000000000001,978.3,41.42,1,0.94
2020-04-18 23:00:00,Windy in the afternoon.,1.2,42.0,978.3,38.14,0,-3.82
2020-04-19 23:00:00,Foggy starting in the afternoon.,2.0,39.0,972.0,32.01,0,-5.65
2020-04-20 23:00:00,Overcast throughout the day.,1.0,34.0,973.3,25.4,0,-4.8
2020-04-21 23:00:00,Overcast throughout the day.,0.1,33.0,976.0,15.05,0,-4.28
2020-04-22 23:00:00,Windy overnight.,0.7,44.0,981.1,30.97,0,-3.64
2020-04-23 23:00:00,Windy until evening.,1.4,44.0,987.6,45.03,0,-4.4
2020-04-24 23:00:00,Foggy in the morning and afternoon.,2.6,35.0,980.9,28.73,0,-6.49
2020-04-25 23:00:00,Foggy in the morning and overnight.,1.2,35.0,972.5,24.7,0,-7.46
2020-04-26 23:00:00,Foggy throughout the day.,1.1,43.0,976.7,28.55,0,-5.81
2020-04-27 23:00:00,Windy and foggy throughout the day.,3.6,49.0,975.1,48.03,0,-3.39
2020-04-28 23:00:00,Dangerously windy until evening.,1.9,51.0,986.9,59.11,0,-2.5
2020-04-29 23:00:00,Possible light snow (1–2 cm.) overnight.,0.8,47.0,998.8,35.52,0,0.22
